Actual_Age,Pred_15k,Pred_Combined,Pred_Kmers,Pred_TCR
78.0,58.100723,67.27149,74.66505,56.563133
89.0,78.260666,78.95662,79.388054,75.9739
16.0,17.851799,14.93209,20.297083,16.130491
87.0,70.64817,64.72055,72.17428,56.49345
56.0,58.41587,67.03703,61.431984,74.62415
30.0,44.79743,40.279964,35.737957,28.272337
79.0,74.159096,75.355965,72.42381,53.715565
64.0,61.69692,61.957317,57.894024,64.24634
29.0,30.018423,36.130955,45.691895,20.411997
73.0,69.768845,72.278015,63.713207,68.514046
63.0,25.342833,20.525644,34.28954,21.028399
46.0,43.080425,45.799404,34.870663,36.774956
30.0,36.828964,34.60026,36.360058,24.58832
29.0,32.70329,27.889702,34.779453,29.522108
30.0,39.52311,33.919743,39.192436,56.769287
24.0,33.76098,34.84869,36.959732,30.096212
77.0,76.58484,80.39707,74.7423,74.9349
46.0,49.85157,58.00485,47.73228,41.7377
80.0,70.13022,72.25654,58.81274,42.827095
54.0,53.18888,58.67785,54.892216,40.38731
54.0,47.151108,57.328876,46.094204,65.193726
48.0,50.388123,49.273518,50.096573,25.875046
84.0,70.12816,63.096695,73.37649,46.001747
64.0,78.497505,62.123028,82.96021,18.034533
62.0,74.558754,72.81049,76.704185,64.9878
73.0,70.2264,76.83958,79.11103,65.87842
78.0,74.70998,75.818016,63.992016,63.90552
34.0,52.222374,54.19515,53.104668,21.456236
38.0,37.987988,38.915096,48.505215,43.328842
52.0,57.49584,51.637913,51.573948,48.55619
16.0,16.833794,16.39781,15.43928,26.39432
86.0,74.74688,80.236374,67.34677,66.24246
68.0,54.21476,57.321873,52.549046,63.588707
61.0,70.69975,69.43212,65.975395,76.56782
10.0,12.688947,19.001095,21.804619,39.58776
82.0,65.61248,75.52845,58.023335,42.925964
60.0,56.759796,50.59502,64.32193,47.154594
46.0,48.67469,51.099415,47.15979,53.506176
36.0,46.20713,36.21452,40.55542,38.895424
57.0,54.45296,54.848316,63.301197,40.913322
77.0,74.58746,73.090385,69.28471,47.193348
34.0,42.384888,45.868637,43.849503,45.286156
22.0,26.381458,34.42636,28.483397,30.866789
34.0,42.676327,44.53082,45.130493,29.572077
35.0,26.026625,30.016468,26.621542,30.305962
77.0,82.72835,88.857956,75.329994,61.19159
80.0,80.97467,81.974724,79.2676,72.42852
47.0,53.250053,56.458813,45.954014,52.17057
30.0,40.180416,37.098804,37.523273,33.436306
70.0,66.200485,65.924,71.56116,72.41908
23.0,25.134409,30.034952,30.09932,25.866842
62.0,63.809765,61.76369,52.160862,53.93984
12.0,16.32558,18.718452,28.823507,22.377089
79.0,70.84982,78.40254,89.154274,74.01903
6.0,15.177878,15.586514,38.792503,37.476265
71.0,73.90403,77.59774,74.53663,54.346977
47.0,53.32641,55.964825,43.237614,34.925568
47.0,44.464863,42.639343,49.771725,32.233364
63.0,63.89117,63.22717,77.453545,70.805885
52.0,45.608105,57.12591,47.15292,56.501495
26.0,30.62621,29.340527,34.055965,26.746155
53.0,58.39457,62.885586,51.758945,52.566402
58.0,65.433975,64.96276,60.0989,64.27829
47.0,42.180855,50.856884,66.65217,28.160141
56.0,55.73488,64.53865,65.58488,39.90711
58.0,50.011734,50.179874,50.62774,47.17457
31.0,30.430283,35.610527,35.383564,20.848454
69.0,78.73754,78.1723,57.281075,80.80979
73.0,63.888336,62.052822,49.743427,50.880825
65.0,74.5602,73.87845,86.042564,72.75857
76.0,69.46553,67.075165,79.51503,68.74469
41.0,50.679787,45.38599,45.1755,37.66144
7.0,20.404472,19.535435,30.458147,24.541855
75.0,68.987076,73.04179,63.03162,62.32471
50.0,70.77902,71.35649,61.41786,56.767105
25.0,24.753952,25.707695,32.788902,9.807303
70.0,66.94202,69.802956,82.316216,65.570694
78.0,64.91298,69.47477,59.337994,66.255684
84.0,74.0561,77.333565,92.53411,75.566025
56.0,66.98863,66.83508,69.56306,54.654037
39.0,35.029552,42.94757,47.6388,44.38916
37.0,46.425117,45.96333,39.824596,49.06111
63.0,61.312477,68.19396,65.06416,59.589863
32.0,25.100609,32.733494,32.493626,44.28552
72.0,69.60068,70.98713,77.46035,49.690445
72.0,51.382366,52.1135,42.653973,45.373314
71.0,72.67288,68.03312,74.09716,49.95272
30.0,36.18702,37.274334,30.88439,42.82496
11.0,12.809758,9.789749,28.942856,20.546782
55.0,58.85901,58.920452,52.212753,59.662636
64.0,61.34672,63.612324,47.676533,59.59259
38.0,37.336716,47.844048,51.919563,32.228004
43.0,44.571827,45.249302,39.177628,41.15858
40.0,42.907013,42.63924,54.763233,35.451267
6.0,12.675261,10.054707,29.598028,23.73047
47.0,36.521873,28.200085,35.526318,48.585674
75.0,63.42347,58.162655,57.065693,49.892967
44.0,55.736786,54.532204,48.065105,37.614883
52.0,44.140244,56.00453,44.835392,54.562996
86.0,77.38358,80.2033,77.224,74.519264
66.0,42.216297,43.08998,41.17039,54.576553
62.0,51.35259,64.769554,64.48182,54.606537
43.0,51.196922,54.358818,48.74684,64.70936
25.0,18.127974,22.643124,24.067863,16.752195
72.0,74.4979,66.984055,61.4488,49.33429
4.0,8.500079,6.60709,27.244987,25.830446
51.0,51.810936,60.61954,73.48546,40.751442
47.0,64.92408,70.12389,83.1074,41.802063
32.0,28.737946,25.712967,24.845032,31.021788
17.0,18.106628,15.392674,22.113722,10.707565
33.0,37.855293,40.004612,43.378635,26.117193
11.0,13.330042,17.458912,21.966345,24.266935
33.0,34.05516,26.54877,44.191936,44.013546
32.0,26.059689,24.328224,27.292135,31.903341
61.0,54.613556,60.126408,75.05837,60.293594
41.0,33.345097,43.316654,63.573055,41.31478
45.0,17.551561,53.35113,49.85102,63.489647
52.0,56.710487,53.679485,47.773228,64.93249
36.0,37.87563,44.815617,38.865646,17.116026
49.0,41.599976,49.509586,43.53812,110.3083
55.0,54.122627,51.35075,47.60159,44.71537
61.0,61.2789,62.28706,57.356472,32.312744
52.0,61.072815,62.005024,54.030453,63.855938
81.0,72.681946,67.80183,77.70408,63.278725
21.0,18.303432,20.813095,31.527548,26.229313
34.0,35.186028,35.48462,34.311092,18.0809
25.0,20.876656,18.225042,31.490812,32.099678
67.0,66.97363,72.800545,61.198437,59.18836
89.0,77.22723,78.92587,87.25426,67.38889
38.0,38.234016,38.942177,46.05698,42.944885
42.0,43.02329,40.40015,46.93896,50.09709
71.0,66.91426,76.24202,74.35726,53.683044
40.0,45.560654,51.782368,48.30811,41.46438
56.0,42.326748,39.950832,38.630527,46.92958
31.0,44.40198,45.0371,41.47142,20.763952
46.0,48.932877,53.87531,50.198196,29.708061
16.0,18.321081,16.440544,21.078592,27.228556
59.0,52.917847,47.896587,46.438885,62.00152
79.0,84.080925,86.618034,91.749504,77.084236
59.0,58.091114,53.674217,68.48695,49.87642
12.0,12.762012,15.059997,24.280602,23.992022
61.0,71.952576,64.15397,67.875145,62.821663
57.0,44.584175,56.609524,78.97213,40.25841
61.0,68.712906,59.617874,56.005123,54.54018
59.0,51.74151,54.840214,44.725666,63.958813
73.0,63.00845,65.570854,61.719765,52.674698
88.0,82.3365,85.325035,70.71415,69.09074
28.0,35.7541,43.034435,35.0249,44.650795
82.0,79.4639,81.15908,95.38013,76.12932
80.0,82.580414,86.08249,75.53153,77.506226
72.0,64.1473,67.00651,67.11939,56.113842
23.0,20.69425,18.194572,24.287306,17.236849
64.0,55.054943,49.077236,42.61969,42.219807
21.0,23.886158,15.83133,23.997335,27.101799
69.0,57.052025,53.138752,47.127827,61.34433
87.0,70.50203,73.64663,84.135475,74.27283
72.0,69.93135,75.88512,86.6937,49.401962
49.0,30.523922,34.089584,40.912296,25.970625
52.0,62.72563,56.0058,57.336372,55.97941
42.0,40.00324,40.464977,43.927723,38.498093
56.0,57.889935,62.943203,67.08568,61.13041
39.0,38.4656,43.49333,60.92544,34.40313
86.0,71.80525,74.392136,88.78938,65.33867
60.0,60.959175,67.50347,63.351944,57.744225
84.0,69.72246,67.435326,75.062645,51.335323
25.0,26.94907,34.65237,36.886177,22.769335
29.0,25.933205,27.290712,28.526522,41.67492
56.0,51.404366,54.106003,46.07089,68.57372
9.0,11.216624,10.166165,33.634018,49.487316
24.0,29.234768,18.589558,38.241394,31.934618
83.0,71.63721,75.11822,66.37679,59.542202
63.0,66.5954,72.24867,71.76439,58.574043
83.0,83.13513,80.680885,72.207405,29.824965
73.0,70.40529,72.87116,87.687,75.60557
25.0,28.769356,29.02009,40.893463,19.111177
54.0,44.35058,58.246502,51.143833,52.896088
39.0,39.20788,44.586506,60.19839,38.47059
87.0,81.81477,84.46535,89.05803,75.71885
73.0,68.75565,74.178505,66.84629,63.299786
32.0,28.643482,32.505707,29.930992,74.690834
49.0,55.54144,58.90071,60.581417,55.282784
20.0,15.754405,16.858818,19.17744,33.068985
59.0,56.728004,57.732838,59.389523,53.81525
35.0,25.378567,24.858934,30.455603,24.465601
46.0,54.494793,60.761086,50.66875,57.863174
53.0,65.514015,67.93243,63.99587,62.78119
38.0,45.240307,42.431255,47.835117,38.666008
62.0,62.46335,68.29334,49.404156,54.564606
63.0,49.84961,57.751743,58.70224,56.373512
60.0,56.218502,60.07279,51.772453,40.63525
30.0,44.588356,51.07545,57.762108,32.614887
53.0,56.95385,55.260265,55.421513,10.000358
52.0,50.768196,60.51813,68.1211,35.20269
32.0,33.903053,33.74532,31.778824,40.060432
54.0,64.764786,63.85906,53.06557,53.44612
63.0,55.7709,58.37152,55.427727,58.918396
9.0,9.610738,8.026796,21.535635,24.023962
56.0,44.41839,41.99655,71.95873,47.522358
41.0,39.5379,36.764576,33.17659,21.504478
85.0,77.04492,78.49804,77.93006,75.252106
54.0,57.700382,62.782276,69.16681,53.848663
89.0,87.967804,77.3532,62.54065,67.05874
77.0,70.54378,66.416405,80.59299,62.278923
39.0,39.338844,48.41489,42.296165,41.59545
48.0,54.075455,56.317753,73.45638,69.6076
48.0,55.33779,59.61115,73.08511,66.06475
23.0,15.576096,18.633427,30.027258,29.423758
57.0,62.216278,59.029797,57.26238,63.61306
15.0,11.515677,7.559415,21.065207,10.011527
44.0,33.41539,38.393726,24.148464,34.09349
59.0,56.873512,61.400505,57.693245,59.44834
62.0,65.77104,63.746113,49.591557,55.578865
48.0,50.78389,54.941837,49.01798,55.462143
19.0,30.798943,18.197426,28.185099,29.474455
77.0,70.65918,64.79164,63.40533,45.444572
59.0,34.312267,40.208805,39.789036,33.16493
51.0,60.36238,60.357876,44.3057,45.984253
39.0,44.324554,25.347158,50.707783,29.24333
57.0,47.776646,40.930214,35.03954,35.109985
19.0,23.858276,22.65401,30.418867,20.073666
61.0,60.736366,62.600285,46.84312,62.976406
62.0,60.146633,56.690487,46.119232,58.745197
53.0,58.11904,61.609623,59.19592,48.346893
38.0,29.312717,32.83941,32.565342,53.762825
51.0,44.789955,42.761345,69.39478,38.329002
39.0,48.90699,52.33675,50.731194,64.70133
65.0,78.23207,71.08642,79.110954,56.17086
42.0,44.814827,39.668777,50.113598,33.881847
84.0,69.52838,74.40382,81.75198,43.518436
63.0,63.298115,60.30765,57.32043,52.83961
68.0,77.09506,81.12365,80.50648,66.81376
52.0,55.910545,64.41377,48.351097,52.320435
84.0,65.047874,71.29521,71.25059,69.74104
53.0,42.679535,63.195457,50.414352,54.376526
18.0,17.402187,20.23275,26.760977,30.238846
40.0,40.562176,47.145622,42.87618,49.71382
67.0,59.348602,62.4633,54.489574,39.724663
79.0,72.0211,73.08381,66.50193,69.67863
81.0,80.557434,80.768196,69.95922,61.437645
62.0,52.887062,61.143208,47.824574,51.359455
61.0,70.767654,70.218925,77.01546,75.460464
53.0,55.767143,61.423187,60.533222,50.737274
34.0,29.027632,28.499634,29.396772,39.434055
49.0,49.587975,40.104847,40.631275,67.10606
19.0,15.90118,22.167133,17.56085,23.083176
48.0,42.759216,43.92436,46.921257,19.246965
44.0,47.10192,48.58561,47.357403,48.615227
65.0,68.78211,68.34318,76.34571,68.65624
9.0,14.773441,15.8957615,24.74895,15.859843
23.0,19.934475,23.268967,30.576847,29.521675
81.0,74.88022,74.94073,72.752235,80.8458
69.0,58.758232,57.175053,58.345024,34.316658
42.0,46.9347,48.607853,44.81292,34.08585
41.0,23.734852,45.730625,48.14724,31.928102
65.0,72.13521,75.76458,64.95281,71.68162
37.0,26.627008,45.393257,55.048847,30.091883
54.0,65.95761,72.68714,86.116066,57.418003
76.0,68.229195,68.90339,68.21046,69.40986
60.0,66.507034,56.928967,62.645973,53.302963
29.0,35.89572,43.325935,37.255898,35.60147
63.0,57.331367,45.937443,49.3953,51.542923
81.0,73.64003,75.7981,81.35378,47.866924
55.0,70.71373,70.08502,67.972694,55.346138
51.0,59.72064,59.409924,71.022484,50.792637
62.0,46.15603,46.13945,55.488415,31.017952
68.0,66.99144,71.9354,78.17361,74.64178
58.0,64.63301,64.38872,58.856518,47.18238
71.0,79.64343,75.09,86.57496,61.62697
40.0,45.52378,50.906933,42.530888,45.87702
49.0,51.1287,52.06915,46.525288,52.246956
37.0,42.57764,36.366035,32.605774,29.684908
37.0,46.811268,47.52747,41.798534,29.909044
52.0,44.579605,45.888996,41.88495,46.937363
75.0,80.69168,77.95196,73.790375,78.81107
19.0,18.704367,19.32114,29.582169,22.29875
28.0,52.4545,55.213024,67.19709,48.263245
18.0,13.787263,12.275774,28.28644,11.449861
74.0,111.94271,65.83955,67.16273,47.12569
19.0,22.177608,16.325386,14.340561,33.05581
55.0,48.744232,55.436104,45.416332,43.755165
72.0,63.89784,62.38644,56.39401,60.095825
63.0,67.22951,67.111176,74.741585,66.20363
12.0,15.471684,11.984276,32.308624,22.442907
39.0,30.03355,31.327995,39.71413,38.76256
72.0,62.166374,63.27338,47.670147,67.4585
46.0,34.426544,36.359875,45.770695,24.06593
54.0,57.04263,55.75401,71.16814,42.13264
28.0,25.990099,27.24794,28.723448,28.946836
13.0,12.792909,9.325733,28.072695,19.87372
58.0,63.71719,65.49659,57.72505,55.625866
74.0,68.26892,77.23152,78.6614,68.64587
47.0,41.14699,41.798573,50.89568,24.470278
64.0,59.353996,69.7938,70.930336,75.24732
63.0,65.251465,61.078297,51.789738,64.85432
37.0,27.990452,25.81466,26.51068,37.942554
78.0,72.27106,74.75556,72.21911,66.689926
48.0,50.433945,35.96764,41.73402,61.400978
82.0,77.35453,77.05547,86.96645,70.18398
17.0,14.304549,12.794043,18.519125,21.089521
89.0,80.83118,78.504555,82.1303,53.420494
71.0,58.266975,65.57084,59.279354,56.201614
64.0,52.470795,54.50041,53.328087,37.260384
61.0,69.978966,76.25023,58.51948,64.80048
56.0,74.47115,76.05546,57.94381,59.83714
85.0,71.78145,85.59147,76.01592,16.496332
23.0,32.69511,38.041683,42.46279,28.10118
55.0,38.044483,46.276234,55.14226,45.46953
29.0,38.05661,42.58853,50.97488,48.603653
82.0,68.305145,67.43304,70.92655,65.44346
52.0,43.64894,46.691563,38.159588,42.862114
15.0,21.480988,26.351316,36.299335,50.027367
52.0,55.618664,54.547874,45.7077,57.89479
41.0,46.52159,49.538136,62.402683,40.575356
55.0,49.45943,50.674618,46.900932,34.34013
64.0,72.80669,69.14318,64.977196,58.533306
74.0,67.73463,75.746,62.24827,67.47108
27.0,36.702847,34.48087,37.138443,23.890001
47.0,47.339355,50.356987,45.924877,51.793125
21.0,27.355103,29.90189,37.360672,25.033892
55.0,45.97248,62.31587,57.761364,46.26972
62.0,74.53325,75.26559,75.29512,67.66808
19.0,13.1885605,18.756369,22.351217,12.324496
51.0,43.452744,53.229755,55.7101,42.05699
53.0,52.697018,61.044147,63.953396,62.294975
26.0,20.184586,22.397438,19.391253,19.95075
70.0,73.711754,69.167534,84.89121,22.453161
87.0,79.8867,77.73686,85.4233,72.86128
79.0,56.430725,28.237835,87.04069,69.62336
82.0,75.67723,71.71831,65.50814,73.31042
28.0,29.609219,37.18407,40.64707,41.381443
75.0,80.13812,81.68317,78.32566,70.441536
56.0,60.114845,64.979515,80.50626,67.59339
89.0,87.509735,83.19546,85.422874,69.98656
47.0,45.13579,51.329784,52.08379,60.690704
45.0,29.527113,30.863525,50.755825,53.75567
19.0,29.381454,24.562235,26.685007,13.139006
77.0,69.433716,72.91643,75.14062,64.1034
69.0,49.90457,53.96136,41.8532,52.494858
66.0,40.096832,54.838043,75.94746,55.547684
21.0,33.5997,49.243237,77.24358,27.076021
59.0,62.915733,65.78905,57.21049,23.766699
72.0,69.95331,69.08658,60.337826,52.941345
62.0,99.81923,59.432476,77.734955,59.57447
40.0,63.6363,62.54727,75.35072,57.655796
84.0,69.02362,74.11225,65.80689,57.544792
43.0,50.92858,47.28565,41.178837,46.856873
58.0,61.78739,56.783127,44.995316,55.477776
20.0,31.88884,30.734837,32.478336,35.73579
43.0,59.689606,56.139767,62.00726,49.67956
67.0,66.853165,64.410416,80.26275,39.7372
66.0,78.88476,79.36246,75.252556,64.71511
54.0,61.231316,53.946644,53.305695,58.619003
38.0,39.41013,32.691746,40.970387,38.37174
65.0,46.55934,68.7425,71.61256,76.048836
57.0,54.770603,56.042118,48.740555,42.068554
73.0,75.278,74.34569,80.96232,49.499588
73.0,59.86246,59.920456,54.814297,51.712837
71.0,73.0361,75.05824,82.06257,59.804817
19.0,68.67227,63.92548,51.744053,63.725906
12.0,15.021586,16.879475,23.007326,24.94607
74.0,78.358765,75.63601,78.97263,68.78105
27.0,43.000313,43.67066,41.43089,40.924526
51.0,53.88205,53.060146,40.979397,47.199413
43.0,32.251366,25.314392,28.234869,29.123983
77.0,69.22257,69.25802,67.50334,86.1434
48.0,61.082005,61.177547,55.64647,68.744415
59.0,64.37283,71.10037,65.3974,61.825966
59.0,59.679077,68.19797,63.24166,60.486794
59.0,68.264786,68.87515,73.21943,51.787796
81.0,77.60898,86.35006,82.62815,75.44274
55.0,49.81105,54.86038,58.92531,43.756996
30.0,36.976807,45.618862,45.285793,23.328032
42.0,59.960594,65.3607,54.846153,51.286583
69.0,65.0076,50.31967,72.89771,26.069586
51.0,61.87214,58.832157,59.817936,55.556488
13.0,18.395363,16.229986,23.577715,25.039629
28.0,36.746014,34.46386,42.50398,27.530264
42.0,66.3331,66.74436,69.425575,58.755985
56.0,46.353405,52.63494,58.86833,48.774094
44.0,39.931717,39.725147,42.777233,29.600489
41.0,57.434364,61.75246,48.954357,44.42461
53.0,65.615616,62.14487,61.475754,53.428425
15.0,12.200054,14.368492,30.257444,20.697481
31.0,29.607033,32.913616,38.11237,42.761864
89.0,85.01741,80.264824,77.45191,70.031006
77.0,78.30493,82.67985,89.65616,71.241554
77.0,61.26915,66.10136,80.165825,68.398476
78.0,56.205444,61.99606,60.151913,50.407127
74.0,71.94644,78.299065,79.88077,69.03632
32.0,33.78154,36.151398,35.560482,53.73682
11.0,15.903825,12.784355,40.969166,40.144615
31.0,35.61984,28.501968,32.791874,54.503254
65.0,67.45987,68.9636,81.15379,48.135166
9.0,10.203761,9.903698,14.817776,22.01962
51.0,43.879456,49.47635,55.463825,46.427258
77.0,84.72714,83.99143,82.74691,76.6684
54.0,48.557774,54.656834,51.350895,51.4033
64.0,65.56955,64.84505,63.97353,42.54183
55.0,52.08104,52.457653,52.389973,52.670288
72.0,70.67203,75.507576,78.06835,55.668667
54.0,58.16385,63.734257,66.49412,59.298615
62.0,47.629173,46.963154,48.348675,53.097755
21.0,14.339633,15.539796,23.878584,16.436003
39.0,36.750454,40.17224,46.762337,17.759039
80.0,81.0806,86.154274,80.54514,67.086205
47.0,58.536263,60.417324,52.832584,48.1092
35.0,26.27623,26.026667,28.857145,20.184477
30.0,30.472351,25.513699,33.891243,33.616962
58.0,57.396828,64.505875,56.48991,41.835304
20.0,17.890238,20.2328,16.244307,18.974398
71.0,69.998665,78.93028,67.50278,65.72823
50.0,54.305332,51.2553,55.722378,44.10027
45.0,49.884277,54.919544,53.213383,46.434395
46.0,36.5421,42.498974,44.089,35.437347
44.0,41.4637,40.776672,44.07073,42.963223
38.0,27.794289,44.996365,41.61339,37.283043
51.0,24.375517,40.864235,37.877705,32.53037
61.0,58.47843,67.903145,79.873405,55.28601
45.0,37.0286,33.44234,40.272045,23.307089
16.0,21.007639,19.163662,31.218204,34.81496
41.0,44.06578,51.20326,46.970802,49.82077
84.0,76.1964,80.5854,81.79163,52.32283
49.0,55.168133,56.338505,45.163742,55.633675
35.0,28.994076,27.448404,35.472797,43.367493
27.0,20.966778,18.97168,21.553999,21.521387
70.0,68.354836,69.88265,67.92529,66.86721
43.0,38.44627,48.889187,49.433598,47.878517
11.0,9.936889,7.9955378,29.538805,18.598442
74.0,70.68422,68.24189,66.33869,64.57979
71.0,64.104744,66.563,58.934162,53.722748
59.0,82.924644,71.739784,85.68921,73.221596
71.0,78.77225,86.298584,91.734856,47.03396
77.0,79.7858,78.277466,82.26443,79.17438
83.0,70.89343,77.29083,82.61315,63.481583
66.0,69.9512,74.75955,70.62051,51.24307
55.0,49.485855,45.130928,46.21022,38.387123
21.0,34.04519,46.064312,48.12816,48.448833
31.0,34.52626,30.103868,39.106712,47.477837
40.0,53.22985,53.383133,44.123905,57.497375
9.0,12.727927,11.970599,29.677427,32.23651
71.0,67.979614,67.64571,61.868168,58.129612
82.0,79.292984,77.512856,76.35717,70.584206
65.0,71.58345,71.57462,75.73427,76.59717
65.0,64.79801,65.90186,74.919136,65.9485
4.0,11.393498,8.475782,36.15654,12.376093
54.0,59.026924,63.863525,60.096024,67.085594
77.0,72.67111,63.524994,56.23926,87.31245
43.0,44.76139,41.74937,45.11908,8.281632
88.0,84.79285,76.32805,66.864296,78.66837
48.0,51.856625,61.81515,61.492096,51.86411
52.0,55.84368,61.09024,59.329857,45.979603
39.0,39.643528,35.113148,41.569363,45.928055
44.0,35.212788,33.51456,43.655964,35.494984
39.0,45.122192,38.047855,43.76164,42.415085
20.0,23.279434,26.29404,28.19187,30.206049
33.0,23.527771,30.711195,38.6254,21.044718
38.0,46.03151,51.701855,52.661724,54.01567
44.0,43.717323,43.875782,54.283276,45.648224
42.0,36.717087,30.525124,39.275776,30.715403
70.0,74.68453,78.78632,84.35873,41.670937
17.0,33.55933,37.249638,40.44529,43.36575
67.0,37.312653,59.636784,56.60449,46.990273
35.0,53.971237,54.79353,56.433704,30.3659
77.0,76.13214,83.71593,81.03707,61.69328
55.0,68.013855,72.48132,61.15857,65.05854
62.0,51.95282,52.960777,48.765182,42.241577
47.0,43.36809,38.57501,46.305576,47.82784
38.0,37.71028,41.293743,37.74886,58.87294
55.0,52.02558,52.94656,61.783855,40.089363
32.0,42.216377,44.862957,37.582813,11.959459
57.0,51.036007,56.87422,50.85745,43.02636
65.0,61.449165,69.27636,67.86428,75.91883
47.0,19.247398,18.768417,29.357742,70.80839
75.0,76.67798,79.54932,81.661316,71.82053
47.0,57.713448,62.90819,53.611763,43.196793
60.0,74.497574,84.558655,67.9076,53.36306
75.0,60.181625,50.31686,45.838417,64.56446
50.0,65.08103,69.42023,71.096344,55.19111
43.0,31.52555,39.898876,39.655476,40.994553
29.0,50.082176,52.080585,46.925724,45.942345
50.0,51.886894,62.368637,46.996128,38.410267
35.0,49.07526,41.172638,45.04953,54.398834
44.0,54.243904,47.937313,43.333904,51.25391
89.0,79.55734,77.06713,82.922806,74.04719
67.0,53.82847,52.034985,60.05058,60.880157
65.0,71.29845,73.524055,69.116234,81.16469
55.0,63.060085,58.64374,51.04862,44.22777
78.0,74.5871,78.305336,70.92875,109.35166
72.0,77.752716,77.26552,88.25038,68.30504
87.0,74.85893,71.72291,65.191376,66.33625
23.0,28.903444,26.229084,34.40704,17.4428
56.0,70.16577,70.81423,80.330055,70.89947
45.0,51.561428,62.505894,60.277122,43.352806
52.0,41.938663,47.951942,68.90764,55.85183
57.0,67.10527,69.06398,80.744484,65.04899
8.0,13.930114,12.526554,25.679111,27.028215
39.0,48.18534,49.54235,43.82741,43.63288
14.0,11.615117,15.601131,21.074095,16.061075
40.0,42.56758,43.098545,32.729897,36.185
19.0,12.407686,15.320948,26.1033,21.949913
84.0,63.469032,67.51007,66.21276,66.00068
62.0,58.67723,62.959755,80.904175,79.96823
45.0,46.21409,49.373043,56.78327,80.925804
48.0,56.885105,62.17972,54.921703,57.45148
75.0,65.94449,63.002247,74.48173,69.254326
11.0,17.541481,19.424187,27.66265,46.65922
90.0,70.582275,58.193333,56.26122,70.71625
40.0,36.97824,35.220684,38.173733,34.02902
41.0,57.381905,55.0982,67.77421,24.454416
5.0,9.86399,8.405243,43.55894,27.284178
77.0,76.29486,75.97933,70.4058,66.91573
62.0,67.46042,70.74797,81.194725,68.28617
81.0,71.213585,75.13074,80.43195,77.56893
55.0,48.899513,48.40298,55.793056,24.79728
64.0,59.802002,64.48885,74.52399,51.573437
33.0,33.877594,32.40692,36.697083,34.41978
32.0,40.069004,43.79961,46.90881,36.123947
41.0,54.052452,60.05998,48.65009,44.625114
62.0,60.636627,66.164604,53.133526,59.632385
73.0,38.942642,39.23365,42.80435,36.050716
23.0,27.373875,30.733273,35.49743,42.74604
36.0,37.17674,34.77559,39.53767,38.37538
56.0,65.17367,59.551327,56.04851,39.436234
40.0,46.568302,44.29589,39.80732,43.593597
72.0,77.383575,75.95725,84.52619,61.93592
53.0,63.772583,65.917404,63.948837,55.933846
79.0,65.26277,70.54169,59.64244,77.19744
45.0,46.47191,53.429554,46.43533,54.02997
58.0,66.73319,66.53313,61.782146,49.18643
39.0,26.516836,26.703575,44.127125,39.57543
48.0,53.657646,50.383232,43.392662,55.802742
39.0,35.32448,37.968536,33.269135,39.296658
9.0,20.235271,16.937593,29.921469,37.961994
44.0,43.51019,46.11584,39.9194,24.36878
26.0,25.605362,19.84946,28.871136,35.525352
30.0,34.415184,30.070705,54.62624,32.96888
27.0,40.952827,40.258938,39.73016,21.346886
18.0,20.64439,17.270632,23.228369,14.462635
21.0,20.951237,11.917237,25.128809,2.490891
20.0,23.143478,27.423496,24.636122,22.128847
57.0,61.827705,60.81999,79.2133,50.969337
78.0,79.60007,79.772484,88.3842,74.38499
78.0,73.19228,64.48013,74.94733,68.17992
58.0,67.55449,64.34431,75.853096,53.03308
16.0,10.444316,12.2727165,24.575861,22.003305
85.0,79.15455,78.43945,60.18056,74.69955
54.0,112.71579,64.15955,77.63413,47.471645
44.0,52.884594,39.894016,47.02489,28.941908
35.0,46.031097,45.347534,49.03287,50.68747
31.0,32.572212,26.928698,30.044436,30.529211
55.0,57.228683,54.193283,47.164753,48.358
27.0,28.06351,39.866093,38.074757,36.854836
52.0,45.04573,48.28148,53.192226,45.102596
33.0,39.530945,31.601917,39.168644,38.263298
74.0,78.15604,73.3805,79.48686,18.42904
23.0,19.914762,21.764206,20.69484,20.431253
48.0,48.76059,49.910294,57.039806,60.469963
66.0,62.86634,62.372517,62.22305,73.17232
89.0,82.4984,83.58651,82.03991,77.22176
75.0,71.48123,77.51017,83.79928,60.026615
87.0,74.884964,67.90806,79.24621,57.172707
62.0,47.534065,35.740356,29.223372,39.289948
25.0,24.099781,24.223682,29.352057,31.484938
51.0,46.81458,46.884026,47.653683,46.32688
49.0,51.879177,54.06737,65.06292,46.20797
34.0,33.639355,37.39178,37.05833,40.726467
52.0,33.600502,52.740086,55.454533,47.92894
42.0,42.618774,48.74625,48.44098,39.813347
9.0,16.922901,16.129368,22.89377,16.918173
89.0,77.27611,77.05823,77.95696,67.13681
30.0,30.269712,38.549343,38.699474,29.799055
25.0,43.80858,50.16138,40.343975,51.285286
86.0,80.6693,83.926384,69.954506,64.80622
23.0,29.566616,31.178745,31.647322,16.533705
88.0,76.33333,70.768,79.4869,63.175217
45.0,28.473675,39.256916,63.49735,42.517044
56.0,61.81168,66.629036,63.481403,50.74325
24.0,21.666992,23.210697,27.495539,29.909466
62.0,59.290573,63.99654,60.335884,54.09479
67.0,71.12761,66.54247,76.65566,70.4175
67.0,52.385395,51.860905,47.01453,10.543184
45.0,41.093216,45.149185,37.84172,33.862373
10.0,11.074099,8.208149,31.674887,34.539116
66.0,66.43767,69.73598,74.702995,70.42979
13.0,11.214345,15.004912,23.607882,20.88593
56.0,52.152214,54.57918,42.560688,41.076942
43.0,48.041615,45.030518,47.3167,38.328094
67.0,58.65999,64.71962,55.21937,47.780815
71.0,56.952957,59.177128,74.3025,73.37557
29.0,14.95701,15.700149,31.759602,24.37918
54.0,51.778244,42.81819,35.334187,48.290195
30.0,31.330158,41.266586,43.06759,51.627
60.0,59.35293,55.777622,47.92955,44.68856
52.0,57.04409,55.04605,43.30669,58.610107
70.0,62.729557,67.40041,70.68129,64.8532
77.0,69.56885,78.7244,73.32836,53.162033
69.0,66.03944,79.94385,67.86446,63.10671
48.0,55.421898,54.68137,46.69966,45.218002
31.0,36.736244,28.562595,26.27331,52.060738
37.0,38.63787,55.07404,42.15832,48.6808
69.0,80.24596,78.739395,80.68923,71.212
50.0,52.171436,48.999886,35.058033,77.32722
45.0,47.984573,52.92648,59.09798,27.77251
86.0,79.46784,83.182945,76.96054,52.65962
68.0,70.27547,70.25439,55.62583,66.150154
60.0,54.83082,59.636105,62.7271,54.52163
51.0,55.46263,44.87853,48.0757,47.715042
59.0,70.8548,66.568306,63.570053,55.734196
27.0,32.948845,38.535015,47.636414,28.862177
16.0,25.982908,18.436338,24.396425,28.429802
59.0,45.238956,43.066875,39.51872,58.903095
36.0,43.79392,42.57906,40.825855,39.757126
59.0,71.67487,62.90929,58.00778,41.40561
39.0,55.16241,53.538963,40.35999,53.654034
23.0,26.074772,21.404398,23.420332,19.593975
25.0,20.349537,21.299618,23.203264,22.5734
90.0,74.69096,75.283295,82.456856,63.493904
33.0,27.92163,37.17995,44.39714,32.503616
48.0,45.4728,37.53835,36.141003,53.24906
22.0,27.130054,25.092571,27.000952,25.146513
53.0,43.31013,48.64823,49.10435,42.231064
56.0,48.676796,59.70216,72.27813,58.381935
12.0,14.266255,13.382641,41.616657,20.466196
15.0,13.328569,12.261522,24.77321,21.485466
55.0,54.627884,56.59678,48.588245,61.30732
61.0,61.421272,69.14922,71.12488,63.153313
5.0,12.476577,12.378852,34.322895,14.847823
67.0,59.289314,57.212585,61.907932,37.06958
26.0,42.792885,44.705257,48.556393,36.972702
46.0,49.999817,49.803364,58.27458,58.66603
21.0,24.554865,24.086918,39.95486,53.09678
55.0,71.13373,74.863335,64.4877,65.96085
75.0,76.98049,76.02712,89.35677,60.88125
47.0,55.27797,48.24224,48.22472,56.915604
57.0,45.55297,43.047718,41.881817,37.42317
73.0,77.33329,74.641975,85.02419,61.915474
82.0,71.31006,73.82326,81.77237,70.008766
54.0,40.717567,46.927483,50.111294,24.645908
42.0,45.591278,45.104446,47.87361,40.31981
31.0,29.720572,27.434391,31.337702,19.10634
60.0,55.180325,54.436974,51.835148,5.1782994
78.0,72.32124,81.3446,68.05274,74.99386
32.0,59.119164,58.350094,53.608887,61.5858
63.0,50.137424,47.645504,52.941193,65.845436
52.0,53.566326,67.43934,66.85171,54.52185
11.0,14.644729,16.472818,21.183365,19.37283
71.0,52.045128,48.82094,42.48861,70.22257
80.0,68.68447,73.12563,69.354195,45.777184
72.0,79.377396,76.814926,61.08338,63.682262
26.0,22.08509,23.831161,26.924967,19.488894
11.0,27.188698,25.265072,26.735846,40.458572
21.0,28.387249,24.490448,37.707027,18.705542
56.0,61.906284,57.71415,51.20779,67.38669
57.0,52.404575,57.09051,41.777554,53.141747
4.0,11.023004,10.957094,46.309727,26.836725
52.0,55.93275,48.752666,44.87552,50.325203
42.0,44.85506,50.248356,40.849495,30.592522
78.0,66.65964,64.82222,56.99821,60.264023
35.0,35.38071,40.31903,38.731136,47.731876
29.0,31.396435,33.364975,37.978344,34.452072
78.0,67.89684,70.31982,53.59742,68.146736
44.0,50.868813,45.930088,71.79714,53.355522
45.0,55.198315,46.555435,45.898228,50.935246
40.0,41.98398,47.078037,55.02753,40.36873
66.0,71.30175,69.49279,50.706722,61.73002
89.0,77.725204,78.01201,93.586975,66.72432
36.0,51.98235,50.028534,50.868694,43.001225
42.0,50.884537,51.453754,45.67262,51.05964
47.0,51.536034,51.937237,43.33701,38.808624
48.0,48.958534,47.87641,52.393696,65.20747
70.0,68.45481,67.8544,59.619114,69.0135
64.0,52.71142,48.100407,43.02094,41.332264
46.0,44.881287,51.30122,44.883656,40.016098
59.0,72.18297,71.6204,53.306995,70.45455
65.0,59.515335,63.754063,75.7678,51.860996
16.0,29.000872,31.899616,21.912544,38.051582
91.0,81.22667,80.49125,92.54769,72.01479
64.0,64.197105,64.86079,49.437626,78.20974
32.0,43.67492,47.74646,55.031006,44.023643
38.0,90.60237,60.835728,46.38769,46.639076
62.0,62.344406,60.48823,59.383266,70.82525
81.0,80.76607,80.4712,72.65927,67.549126
44.0,36.389946,39.05424,29.423391,28.851671
89.0,79.79481,76.74535,79.62855,70.32638
60.0,106.28836,71.467224,68.7976,64.893814
61.0,57.343582,51.761646,53.477833,63.81714
80.0,41.840225,73.7463,80.41141,64.83675
62.0,76.07895,77.53811,82.088066,66.91437
81.0,70.08229,73.21513,55.86871,42.549404
55.0,41.693134,42.778633,39.81931,63.83
63.0,64.584305,69.01934,68.78535,61.460556
92.0,80.38788,82.812706,73.23339,78.28116
49.0,57.74787,57.717785,59.11937,54.205177
60.0,55.762177,49.410168,61.98528,49.293495
57.0,63.37648,56.048626,64.30344,51.571888
69.0,64.815956,65.88769,56.612568,47.82914
70.0,75.129555,71.923744,83.992775,66.29431
48.0,54.921944,57.68721,64.878525,62.719635
66.0,67.43788,66.13659,59.11156,61.075535
29.0,21.375538,27.08438,30.523733,32.886898
84.0,72.142265,78.04774,86.23841,71.9033
57.0,59.387268,60.422283,71.863884,52.197678
66.0,67.179596,64.81043,75.34101,55.75673
44.0,58.938385,57.03993,53.111504,46.3629
60.0,52.385498,51.860863,49.205177,53.103233
87.0,71.266785,76.57256,84.95632,61.47471
60.0,55.433266,58.37667,65.38921,62.50481
64.0,64.78189,57.42334,57.12119,62.964893
44.0,46.814224,46.417805,44.576225,47.3097
66.0,70.18486,67.76653,78.14965,68.85014
5.0,14.737281,15.298692,17.780836,38.63088
28.0,18.684809,24.31401,33.227764,28.60223
71.0,57.486168,54.04952,54.184547,53.6573
45.0,55.29647,53.082222,48.408546,22.504784
23.0,30.74776,23.295105,50.124844,13.455052
82.0,76.49809,81.823814,88.13255,73.05741
81.0,81.03966,80.12611,72.87011,63.326393
48.0,56.39109,66.02619,57.50338,56.83258
84.0,74.09395,68.21692,85.64416,68.47616
47.0,59.154808,62.40224,56.244347,52.780968
36.0,35.38607,34.739704,39.580563,34.96846
11.0,12.522794,10.556938,37.673115,37.86303
26.0,30.34325,29.051805,35.107876,28.602694
42.0,46.854763,51.993168,54.510582,39.46624
88.0,73.99684,73.516495,69.66689,47.57786
62.0,59.835106,62.23478,73.71026,52.21798
59.0,68.01184,66.66625,55.700153,69.91459
30.0,31.726295,34.151947,41.348354,25.711363
34.0,35.686954,45.320156,47.512585,58.988785
79.0,71.92543,66.68343,65.73503,55.213062
60.0,60.90609,56.126873,49.897182,62.869442
71.0,69.7124,73.36646,76.78888,56.7224
51.0,38.251938,37.79336,30.208702,39.55175
49.0,57.90454,63.049755,62.64144,69.47543
55.0,55.860065,52.676296,58.53851,46.18593
72.0,69.83053,68.01918,83.980354,74.500725
43.0,34.650467,35.55935,40.147034,26.210497
42.0,38.947243,28.022392,33.03064,19.139051
85.0,74.6208,71.06169,73.11955,66.868645
66.0,62.495457,65.17361,57.29979,61.12001
43.0,44.648678,48.04633,38.38258,31.340897
54.0,62.106163,65.52903,62.44371,32.695347
41.0,45.0502,53.306156,54.310078,40.0225
34.0,40.01935,48.043743,44.309315,53.230125
83.0,48.092815,43.88638,36.535767,47.808617
61.0,61.250168,53.42363,44.64279,63.056023
34.0,30.84428,38.404373,32.6726,49.261948
38.0,30.363342,31.446842,36.048256,28.199598
49.0,44.668064,62.789906,77.40277,68.630974
81.0,52.913002,59.934208,50.913166,61.323174
10.0,16.180212,16.388647,24.924887,18.655457
24.0,36.35956,51.98576,56.456944,50.00045
59.0,62.97557,62.00631,52.79746,59.276657
87.0,78.70017,81.359955,71.19553,83.11754
20.0,8.049813,18.162634,30.729212,16.1311
58.0,49.7005,52.482758,51.73126,62.537598
46.0,43.618126,33.34445,33.26611,43.530254
52.0,45.903122,35.096935,32.49986,39.54271
18.0,19.512398,16.351675,28.196095,29.248817
22.0,31.850153,34.012714,34.659786,48.6646
3.0,16.343065,9.254568,34.74905,46.299236
35.0,24.78463,25.472214,30.722597,56.016422
29.0,41.393776,53.659374,70.68582,47.121277
29.0,27.697325,19.994556,24.398226,30.849907
12.0,11.273913,5.8154283,22.86408,30.941813
79.0,67.06968,63.864536,67.8128,55.296043
72.0,63.894436,55.90676,59.073376,59.05869
44.0,49.15393,49.092663,41.270782,31.236206
73.0,74.10384,77.87434,86.374596,83.49059
65.0,59.683434,57.937885,52.881367,46.553925
45.0,29.896828,33.083897,34.633457,29.844616
40.0,47.62069,47.691235,68.95913,30.460077
84.0,76.569084,72.01902,74.97703,51.189545
39.0,40.051517,40.621197,44.348923,19.74676
21.0,21.060568,18.916523,29.560528,18.240408
17.0,23.524334,17.038418,23.736496,42.48297
19.0,28.312496,21.753075,31.529352,29.998533
35.0,51.558952,46.08975,51.63493,60.8283
78.0,60.451294,65.704185,71.21529,45.5548
52.0,57.281067,57.303364,60.34804,59.52648
41.0,85.632706,64.73464,57.627655,54.18756
38.0,43.276073,44.31204,62.369907,18.133097
58.0,67.74277,63.067158,50.271378,51.25917
51.0,48.97747,51.265057,52.431103,69.676476
40.0,34.283543,35.024143,35.62202,42.00371
33.0,40.733772,48.426243,51.313583,34.147034
42.0,36.641853,31.969494,35.470253,26.541334
75.0,66.05009,68.67006,64.56928,57.06594
70.0,73.57097,69.172966,83.350914,68.48435
65.0,60.90497,63.647488,78.8922,38.252625
72.0,59.78277,66.27408,80.60913,76.53666
81.0,71.85127,65.769356,65.33357,69.14298
56.0,56.922653,51.391582,44.57016,44.725452
46.0,49.667686,45.836525,44.734123,50.852257
40.0,36.061188,31.896305,32.650852,29.569046
74.0,71.975494,76.12611,78.4764,46.783604
65.0,70.10252,61.97838,76.912605,52.490917
34.0,33.89151,26.936127,44.839653,24.88246
31.0,35.287106,45.85583,70.77923,23.214745
55.0,63.53695,57.101482,48.854633,48.535156
72.0,61.965286,66.21366,66.77791,56.32216
27.0,42.629204,31.520819,34.1776,38.73505
19.0,29.516054,17.315113,28.73934,22.184248
45.0,43.04898,44.72843,36.906803,62.08533
30.0,24.81189,22.779085,29.106127,22.116827
41.0,47.459595,50.60259,47.786476,43.07451
32.0,25.870174,28.451015,26.610739,36.457085
67.0,76.74242,71.29125,78.81932,56.131046
77.0,81.6905,82.52057,79.45531,81.45436
60.0,82.06978,77.27418,71.43531,67.040504
67.0,46.0511,59.92186,58.474426,37.88304
23.0,18.909582,19.048107,29.201727,22.200865
54.0,47.022877,51.119404,45.5136,45.67967
36.0,34.399204,37.1434,39.911633,18.202383
33.0,36.500275,44.08675,49.66021,28.513649
31.0,19.130358,19.79172,23.49457,22.2149
79.0,68.554535,71.67466,84.20893,67.79087
68.0,77.63966,79.28518,71.952675,79.53959
