Age,y_pred
78.0,66.08393
89.0,79.67449
16.0,14.206863
87.0,69.11499
56.0,64.83195
30.0,39.846294
79.0,76.208466
29.0,34.185314
73.0,75.73566
63.0,20.501719
46.0,42.196255
29.0,25.633904
30.0,28.331278
24.0,35.06472
77.0,76.14387
46.0,48.034405
80.0,70.97347
54.0,57.790627
54.0,52.520214
48.0,50.451637
84.0,67.709526
64.0,71.35697
62.0,73.86749
73.0,74.04829
78.0,68.69684
34.0,47.59251
38.0,42.443
52.0,60.280807
16.0,14.918403
86.0,73.01321
68.0,59.767506
61.0,70.59494
10.0,17.482197
60.0,54.514267
46.0,52.30379
36.0,38.100872
57.0,57.95252
77.0,70.65549
34.0,40.726322
22.0,31.623123
34.0,51.0426
35.0,27.47307
77.0,82.40335
80.0,84.909
47.0,55.976025
30.0,41.781094
70.0,67.70917
23.0,34.036747
62.0,54.366863
12.0,20.458132
79.0,84.52252
6.0,21.234316
71.0,73.39983
47.0,47.56663
47.0,47.071335
63.0,65.92771
52.0,50.302937
26.0,32.594852
53.0,52.913998
58.0,61.255207
47.0,53.43546
56.0,64.56973
31.0,34.542976
69.0,76.12822
73.0,63.28853
76.0,69.71299
41.0,51.184498
7.0,22.152592
75.0,72.19113
50.0,69.69258
25.0,28.895563
70.0,75.41619
78.0,68.0882
84.0,81.63148
56.0,62.50592
39.0,43.479553
37.0,45.230556
63.0,62.32112
32.0,35.801716
72.0,75.68695
72.0,41.906773
71.0,73.14619
30.0,28.260798
11.0,13.359874
55.0,58.359634
64.0,55.585377
38.0,42.66171
43.0,42.27322
40.0,48.348843
6.0,14.219359
75.0,56.681522
44.0,50.58522
52.0,50.6888
86.0,76.18787
66.0,40.62772
62.0,63.54304
43.0,46.30149
25.0,24.532198
72.0,61.93662
4.0,7.118038
51.0,64.59317
47.0,74.02495
32.0,22.93553
17.0,19.489353
33.0,43.361027
11.0,15.677838
32.0,28.987684
61.0,67.47233
41.0,45.339146
45.0,44.63489
52.0,51.74352
36.0,37.397144
55.0,50.535587
61.0,65.23533
52.0,59.25535
81.0,72.646965
21.0,21.654633
34.0,33.319263
25.0,19.248835
67.0,69.30735
89.0,80.9105
38.0,37.93413
42.0,46.862743
71.0,71.97341
40.0,47.87849
56.0,42.5038
31.0,37.30721
46.0,50.726208
16.0,19.21631
59.0,51.058117
79.0,85.97942
59.0,61.43225
12.0,18.600863
61.0,68.91508
57.0,64.181564
61.0,58.315205
59.0,50.234562
73.0,72.20125
88.0,75.56146
28.0,38.135838
82.0,86.31765
80.0,80.26153
72.0,67.39579
23.0,19.680162
64.0,45.492805
21.0,17.730415
69.0,54.449596
87.0,79.20541
72.0,76.886505
49.0,35.318447
52.0,56.148106
42.0,47.06203
56.0,65.51767
39.0,47.051205
86.0,82.9714
60.0,62.66088
84.0,74.21731
25.0,33.371574
29.0,30.187841
56.0,45.461117
9.0,12.89932
24.0,23.841173
83.0,74.9129
63.0,69.20948
83.0,78.489655
73.0,79.70507
25.0,31.717867
39.0,43.30168
87.0,83.998505
73.0,67.85286
49.0,61.062374
20.0,17.847357
59.0,60.18943
35.0,27.782415
46.0,52.00064
53.0,60.8039
62.0,57.673695
60.0,57.298367
30.0,50.808178
53.0,47.873745
52.0,69.62881
32.0,36.227757
54.0,64.28818
63.0,63.628864
9.0,10.069219
56.0,55.053417
41.0,39.777
85.0,75.39277
54.0,65.42079
77.0,70.26432
48.0,63.36952
23.0,21.78616
57.0,54.601704
15.0,8.334706
44.0,26.510748
59.0,56.25429
62.0,61.964054
48.0,50.933662
19.0,15.689885
77.0,65.91807
59.0,41.497223
51.0,55.978645
39.0,22.43262
57.0,36.823166
19.0,21.54848
62.0,56.789158
53.0,61.78925
38.0,35.67013
51.0,50.632797
39.0,48.29454
65.0,72.03208
42.0,42.87412
84.0,72.16077
63.0,55.068287
68.0,81.87374
52.0,54.502323
84.0,71.672005
53.0,57.52365
18.0,17.977198
40.0,45.181965
67.0,65.850334
79.0,69.95447
81.0,74.03805
62.0,56.316402
53.0,59.448193
49.0,41.544094
19.0,17.436218
48.0,45.28191
44.0,51.89418
65.0,73.509056
9.0,12.27419
23.0,21.255713
81.0,69.99168
69.0,54.37403
42.0,51.08767
41.0,50.58109
37.0,49.269753
54.0,77.41587
60.0,59.266026
29.0,41.82501
63.0,55.437943
81.0,77.07943
55.0,66.52914
51.0,67.417274
62.0,53.927128
68.0,74.82075
58.0,60.27032
71.0,80.66622
49.0,55.177944
37.0,42.76522
52.0,51.717255
75.0,73.661995
19.0,20.190327
28.0,54.9366
18.0,11.667364
74.0,61.004414
19.0,12.601974
55.0,54.51631
72.0,71.29242
12.0,13.474849
39.0,43.359825
72.0,59.56103
46.0,36.946815
54.0,63.807182
28.0,30.003368
13.0,14.0146675
58.0,74.320656
74.0,78.49828
47.0,40.90995
64.0,66.725426
63.0,67.10499
37.0,31.486067
78.0,73.29388
48.0,42.233047
82.0,77.25782
17.0,13.244594
89.0,81.88172
71.0,67.1312
64.0,51.805706
61.0,66.189156
56.0,68.8859
85.0,76.61154
23.0,38.89217
55.0,58.383087
82.0,71.59471
52.0,44.22417
15.0,29.20516
52.0,46.55768
41.0,53.479626
55.0,52.773693
64.0,67.29286
74.0,70.127075
27.0,41.084473
47.0,51.22933
21.0,30.492987
55.0,60.18545
62.0,72.907364
19.0,15.312328
51.0,48.626545
53.0,58.026577
26.0,15.783766
70.0,75.43421
87.0,77.6956
79.0,43.86751
82.0,65.458824
28.0,38.618023
75.0,78.70253
56.0,69.602394
89.0,84.97564
47.0,53.63502
45.0,45.804913
19.0,23.560797
77.0,76.89111
69.0,51.68111
66.0,60.21572
21.0,51.245792
59.0,63.565586
72.0,62.496765
62.0,71.6738
84.0,68.596794
43.0,47.142857
58.0,54.671143
20.0,30.84108
43.0,58.966118
67.0,69.10003
54.0,61.65707
38.0,32.437584
65.0,68.33453
73.0,75.09762
73.0,58.29846
71.0,76.20898
19.0,67.93665
12.0,18.407158
74.0,75.602234
27.0,45.759754
43.0,27.198618
77.0,64.250854
48.0,62.703465
59.0,63.837635
59.0,58.31777
59.0,71.16317
81.0,83.95483
55.0,51.60815
30.0,47.623447
42.0,56.722095
69.0,63.5984
51.0,60.748337
13.0,21.07005
42.0,65.778984
56.0,52.394703
44.0,38.96654
53.0,63.945377
15.0,14.050718
31.0,30.413506
89.0,78.21738
77.0,85.83619
77.0,70.475395
78.0,57.0915
74.0,78.60773
32.0,34.449497
11.0,16.99668
65.0,74.36049
9.0,12.44319
51.0,47.500835
77.0,82.4157
54.0,50.699062
64.0,64.88371
55.0,58.33917
72.0,78.4536
62.0,57.96625
21.0,12.7741
39.0,33.436348
80.0,87.64979
47.0,53.980305
35.0,29.810211
30.0,29.516726
20.0,13.511283
71.0,70.14275
50.0,57.63258
45.0,52.1319
46.0,41.30391
44.0,38.53271
38.0,48.83452
51.0,38.76974
45.0,36.00529
16.0,20.211794
41.0,44.13296
84.0,84.2521
49.0,49.957226
35.0,30.687399
27.0,17.672766
70.0,73.367775
43.0,43.687603
11.0,9.289285
74.0,63.07689
71.0,72.89132
59.0,78.041885
71.0,83.18407
77.0,81.02079
83.0,79.81107
66.0,66.850075
55.0,50.08848
21.0,45.79524
31.0,37.266186
40.0,51.24643
9.0,9.649218
71.0,63.70291
82.0,78.69681
65.0,73.44016
65.0,69.400276
4.0,11.055387
54.0,59.669834
77.0,57.540592
43.0,40.616848
88.0,70.519966
48.0,59.630054
52.0,59.88441
39.0,36.875286
44.0,40.12676
39.0,41.44023
20.0,22.9532
33.0,31.167942
38.0,46.871212
44.0,56.450497
42.0,37.614796
70.0,79.63056
17.0,41.684025
67.0,52.678055
35.0,53.00636
77.0,80.29641
55.0,63.00894
62.0,56.45709
47.0,43.131336
38.0,36.908195
55.0,55.76543
32.0,45.976448
57.0,52.14432
65.0,65.10252
47.0,23.457912
75.0,82.04646
60.0,73.98962
75.0,50.677464
50.0,66.58779
43.0,45.780125
50.0,52.769604
35.0,38.27621
89.0,80.11667
67.0,56.40747
65.0,72.48243
55.0,57.8027
78.0,72.67173
72.0,81.11993
87.0,67.86079
23.0,30.911749
56.0,73.19456
45.0,60.193233
52.0,54.552895
57.0,76.30459
8.0,13.005838
39.0,50.974285
14.0,15.053794
40.0,28.900705
19.0,15.600553
84.0,65.24994
62.0,71.38128
45.0,51.885036
48.0,55.377728
75.0,67.77427
11.0,16.885206
90.0,67.70428
40.0,38.178802
41.0,57.60778
5.0,9.748982
77.0,70.46829
62.0,73.51408
81.0,74.813385
55.0,45.11082
64.0,70.78188
33.0,38.466843
32.0,44.380474
41.0,50.59293
62.0,71.08184
73.0,44.37572
23.0,33.117043
36.0,42.01331
56.0,67.48254
72.0,76.99007
53.0,61.25043
79.0,71.06202
45.0,54.64356
58.0,63.084766
39.0,32.36108
48.0,56.212563
39.0,37.663296
9.0,15.229017
26.0,23.634176
30.0,26.504797
18.0,14.605108
21.0,16.184168
20.0,19.811842
57.0,70.29037
78.0,82.11923
78.0,68.263725
58.0,68.8904
16.0,12.466976
85.0,75.89667
54.0,69.37089
44.0,42.086876
35.0,44.254246
31.0,29.654272
55.0,55.8062
27.0,30.487318
52.0,48.735455
33.0,43.021297
74.0,75.28419
23.0,20.630182
48.0,50.388424
66.0,60.697453
89.0,81.750565
75.0,78.23188
87.0,72.61617
62.0,37.601208
25.0,25.569847
51.0,44.726547
49.0,56.06558
34.0,39.273266
52.0,43.708305
42.0,57.595116
9.0,17.954544
89.0,77.818954
30.0,40.454494
25.0,43.387608
86.0,78.52671
23.0,26.066727
45.0,42.24403
56.0,63.58014
24.0,22.937479
62.0,59.285873
67.0,69.74768
67.0,54.888157
45.0,35.858963
10.0,15.601216
66.0,71.566414
13.0,15.285062
56.0,53.191048
43.0,55.21415
71.0,67.97738
29.0,15.7086
54.0,39.276966
30.0,41.157
60.0,54.64133
52.0,53.961353
70.0,62.469273
77.0,73.48963
69.0,77.85522
48.0,56.945324
31.0,26.300997
37.0,42.629574
69.0,82.41171
50.0,49.57455
45.0,53.0603
86.0,79.143875
68.0,60.976402
60.0,59.601147
51.0,54.20631
59.0,66.9201
27.0,41.335644
16.0,19.709496
59.0,47.82687
36.0,45.023697
59.0,53.93349
39.0,50.186466
23.0,19.02592
25.0,20.1774
90.0,76.36324
33.0,40.41281
48.0,40.63223
22.0,28.68579
53.0,52.32463
56.0,58.541424
12.0,19.415186
15.0,12.460207
55.0,60.89463
61.0,64.20736
5.0,8.709492
67.0,55.746662
26.0,44.361908
46.0,57.68893
21.0,26.336588
55.0,68.93418
75.0,81.590775
47.0,46.036
57.0,47.29456
73.0,75.88593
82.0,77.18589
42.0,45.41879
31.0,25.72901
60.0,50.621647
78.0,73.39012
32.0,59.247643
63.0,44.403343
52.0,58.687374
11.0,15.385358
71.0,55.253254
80.0,66.58768
26.0,25.389526
11.0,23.85908
21.0,26.453882
56.0,58.200302
57.0,53.76681
4.0,12.915168
52.0,48.841213
42.0,46.256847
78.0,65.86271
35.0,41.21385
29.0,35.920452
78.0,68.47663
44.0,56.633083
45.0,51.0605
40.0,47.3823
66.0,61.544994
89.0,83.45301
36.0,42.345127
42.0,47.48171
47.0,49.21153
48.0,54.94499
70.0,67.912605
64.0,44.95839
46.0,43.037235
59.0,67.38452
65.0,68.22446
16.0,21.100176
91.0,85.186516
64.0,65.28005
32.0,46.3313
38.0,55.133514
62.0,60.081184
81.0,79.43339
44.0,36.168865
89.0,77.710014
60.0,66.12434
61.0,54.293446
80.0,72.89213
62.0,76.8095
81.0,58.978245
55.0,46.45122
63.0,67.18777
92.0,77.60923
49.0,59.347927
60.0,53.62717
57.0,61.93032
69.0,66.84684
70.0,78.99986
48.0,58.26188
29.0,27.340202
84.0,77.40215
57.0,65.89739
66.0,71.85656
44.0,54.12433
60.0,57.326973
87.0,78.76002
60.0,62.550083
44.0,43.650246
66.0,71.03945
5.0,19.642042
28.0,31.729261
71.0,57.18157
45.0,47.286804
23.0,32.78554
82.0,85.13072
81.0,76.55489
48.0,58.25493
84.0,75.35405
47.0,62.6078
36.0,37.03403
11.0,14.781921
26.0,30.20673
42.0,59.1753
88.0,70.760086
62.0,68.24538
59.0,60.767387
30.0,31.705652
34.0,44.702946
79.0,66.57649
60.0,57.096592
71.0,72.94725
51.0,26.08244
49.0,60.548573
55.0,60.417076
72.0,74.00646
43.0,37.69218
42.0,34.823307
85.0,74.941345
66.0,60.801205
43.0,50.22433
54.0,63.221287
83.0,35.773354
34.0,36.220528
49.0,66.45465
81.0,50.46401
10.0,18.86576
24.0,49.908665
59.0,64.12099
87.0,74.79903
20.0,26.63184
58.0,56.86786
46.0,36.06001
52.0,35.06982
18.0,15.552658
22.0,40.854618
3.0,13.512439
35.0,30.979498
29.0,50.57391
29.0,17.933634
12.0,10.49796
79.0,61.083317
44.0,44.54903
73.0,84.03004
65.0,55.36889
45.0,32.678288
40.0,55.063473
84.0,71.50914
39.0,46.4281
21.0,26.532335
17.0,22.95426
19.0,20.195902
35.0,51.43145
78.0,63.766994
52.0,56.758793
41.0,53.472637
38.0,46.10993
58.0,66.08692
51.0,51.612614
40.0,29.922966
33.0,54.929073
42.0,28.549223
70.0,76.67277
65.0,65.80917
72.0,70.607254
56.0,54.422306
46.0,42.110657
40.0,33.936676
74.0,76.18818
65.0,73.67303
34.0,34.73297
31.0,47.718464
72.0,64.97808
27.0,27.865818
45.0,44.981823
30.0,17.613
41.0,47.393894
32.0,25.726568
67.0,73.40893
77.0,81.79322
60.0,74.24867
67.0,60.39253
23.0,22.77471
54.0,47.230526
36.0,33.923557
31.0,22.992857
79.0,75.273476
68.0,73.60398
